2019/12/11,私の知っている静岡中部のIT勉強会,静岡,/secondarykey/items/2566edc61e577c006374
2019/04/01,レシーバの代入を静的解析でチェックしてみる,Go,/secondarykey/items/564cb706d47456446f53
2018/04/13,パズルゲームをGoで作ってみる,Go;gomobile,/secondarykey/items/2a5bbd35a98153e1b72f
2016/03/05,GopherJSでjQueryを使ってみた,Go,/secondarykey/items/6a865880487817bdb586
2016/03/04,GASを使ってテンプレートからspreadsheetを作成,gas,/secondarykey/items/ed436cd162e1ade3e504
2016/02/03,go-opencvで作った動画データをgxuiで流してみる(失敗),Go,/secondarykey/items/0b28933b247ab56152bd
2015/04/15,Go言語でWebDavにアクセスしてみる,Go;webdav,/secondarykey/items/b38bf75bce6383d989d5
2015/02/17,ファイル更新監視ツールを作ってみた,Go,/secondarykey/items/6fa481cbdee24632e80e
2015/01/03,AppEngineでtools/presentを使う,Go,/secondarykey/items/e903d1d7aaf01ad0c3e4
2014/12/28,Go言語をバージョンごとに管理,Go,/secondarykey/items/642313169c84c09fa36c
2014/12/27,Go言語のプレゼンツールを使ってみる,Go,/secondarykey/items/6395900495f411f125f4
2014/12/05,TravisCIを使ってみる,TravisCI,/secondarykey/items/a11dd7a9809d00ee2753
2014/11/27,OpenStackを入れてみた！(Solaris編),openstack,/secondarykey/items/3ccd1ea0a7ee289c4c3b
2014/06/09,Dockerを触ってみた,Docker,/secondarykey/items/433c5cfdadef7c1faac0
